,result,prop,energy
1,000001,0.24482367132956598,25.0
9,001001,0.004623458350998573,26.0
18,010010,0.006623135465623946,27.0
26,011010,0.036248159465641076,28.0
38,100110,0.03966529481404833,28.0
29,011101,0.020465176424080064,29.0
5,000101,0.028078907529595118,30.0
33,100001,0.06050164650280013,31.0
42,101010,0.00719245890027685,32.0
22,010110,0.004056137748192237,32.0
20,010100,0.034961391758711345,36.0
6,000110,0.0048213934203545665,38.0
34,100010,0.012238942619892883,39.0
41,101001,0.002131458232184986,40.0
24,011000,0.033850020091740624,48.0
45,101101,0.0038213967737618284,49.0
10,001010,0.011539734570903532,50.0
17,010001,0.02935542433131041,51.0
37,100101,0.008355672869594502,52.0
16,010000,0.010343816444117334,63.0
36,100100,0.00035082016071241273,64.0
2,000010,0.03284062211766319,65.0
25,011001,0.009940021740461812,68.0
13,001101,0.0032022329992561008,83.0
40,101000,0.0012630255676345003,84.0
30,011110,0.009082409135595583,85.0
21,010101,0.0006908248469111569,88.0
4,000100,0.009431129763921508,106.0
32,100000,0.0038805109306296105,107.0
8,001000,0.009283437398285282,134.0
46,101110,0.004862989193074882,137.0
0,000000,0.006608007158772737,165.0
53,110101,0.05663428329751423,166.0
28,011100,0.0028615782708387902,201.0
57,111001,0.02185032013351168,202.0
14,001110,0.011152524021911454,203.0
49,110001,0.003925170911029193,241.0
44,101100,0.0012367666192084072,285.0
54,110110,0.0037493312256953034,334.0
12,001100,2.470311579304172e-05,383.0
58,111010,0.03314714966709517,386.0
50,110010,0.01745979267399999,441.0
61,111101,0.023627543476799278,499.0
52,110100,0.007497849034749368,562.0
56,111000,0.012235117802405536,630.0
48,110000,0.00124427518522393,701.0
62,111110,0.011279785186378464,779.0
23,010111,0.006724278160287358,1028.0
60,111100,0.0012819584641498415,1119.0
27,011011,0.002755697189220861,1120.0
19,010011,0.008170655642103244,1215.0
39,100111,0.014658192216133181,1216.0
43,101011,0.005484176627191922,1316.0
7,000111,0.013877607327191985,1418.0
35,100011,0.0013501449163641596,1419.0
11,001011,0.007866229835410255,1526.0
3,000011,0.0009813148849675474,1637.0
31,011111,0.018180041329096043,1753.0
47,101111,0.005973346109336179,1997.0
15,001111,0.002300481212645914,2255.0
55,110111,0.0016744970219370135,2674.0
59,111011,0.00527757243952982,2822.0
51,110011,0.00035286449552553894,2973.0
63,111111,3.142285042685135e-05,3791.0
