,result,prop,energy
1,000001,0.24241905513688383,25.0
9,001001,0.004824250927946312,26.0
18,010010,0.0068261543791713584,27.0
26,011010,0.03697179692990121,28.0
38,100110,0.038905953806304,28.0
29,011101,0.021867173982713782,29.0
5,000101,0.02757224752357735,30.0
33,100001,0.05836223529820048,31.0
42,101010,0.007719425503873179,32.0
22,010110,0.0038172372950349086,32.0
20,010100,0.03515770328877076,36.0
6,000110,0.004921791762312198,38.0
34,100010,0.013680261842873007,39.0
41,101001,0.002184688215004848,40.0
24,011000,0.03429662174262135,48.0
45,101101,0.004360999612930212,49.0
10,001010,0.011139694190631448,50.0
17,010001,0.031003604068599862,51.0
37,100101,0.008741047557687627,52.0
16,010000,0.010464232354083116,63.0
36,100100,0.0004841474582607191,64.0
2,000010,0.03429575434483002,65.0
25,011001,0.009011068912093984,68.0
13,001101,0.0033431673238567355,83.0
40,101000,0.0010207795734385114,84.0
30,011110,0.00941767094474403,85.0
21,010101,0.0007830021388536377,88.0
4,000100,0.009131815880683862,106.0
32,100000,0.0038531084956570784,107.0
8,001000,0.008806882338993485,134.0
46,101110,0.0050785209001917965,137.0
0,000000,0.006727367773202218,165.0
53,110101,0.05635497236048308,166.0
28,011100,0.0031245220331787994,201.0
57,111001,0.02332567291392051,202.0
14,001110,0.010990783098408593,203.0
49,110001,0.004295005370147275,241.0
44,101100,0.0010725403139819484,285.0
54,110110,0.0033953823653705816,334.0
12,001100,7.588299463250882e-05,383.0
58,111010,0.03202811313466619,386.0
50,110010,0.01767391268014821,441.0
61,111101,0.02335560838422621,499.0
52,110100,0.008371983446709587,562.0
56,111000,0.012093535870672523,630.0
48,110000,0.0009655745937033279,701.0
62,111110,0.010522651233577464,779.0
23,010111,0.006752321360563352,1028.0
60,111100,0.001100577542186497,1119.0
27,011011,0.0029810552209576027,1120.0
19,010011,0.008074412785410174,1215.0
39,100111,0.013582126614779247,1216.0
43,101011,0.004798249485317137,1316.0
7,000111,0.014382379000630446,1418.0
35,100011,0.0010320044624324012,1419.0
11,001011,0.007566304354468634,1526.0
3,000011,0.000998395263663642,1637.0
31,011111,0.018192929710102376,1753.0
47,101111,0.006276807430643181,1997.0
15,001111,0.0021479386876662203,2255.0
55,110111,0.0017532903985273403,2674.0
59,111011,0.005064580620764864,2822.0
51,110011,0.0004260272009826182,2973.0
63,111111,3.4997563135393294e-05,3791.0
