,result,prop,energy
1,000001,0.022842959757989452,25.0
9,001001,0.02780499836078092,26.0
18,010010,0.032110842363913684,27.0
26,011010,0.03272257762595041,28.0
38,100110,0.03176352270988434,28.0
29,011101,0.02433069409437487,29.0
5,000101,0.028052619921490198,30.0
33,100001,0.02988052131973097,31.0
42,101010,0.029900802438713604,32.0
22,010110,0.0342918773694316,32.0
20,010100,0.027163395975996114,36.0
6,000110,0.030146696778409615,38.0
34,100010,0.030143362576622028,39.0
41,101001,0.030730678634503603,40.0
24,011000,0.027294559494988335,48.0
45,101101,0.022442749513160214,49.0
10,001010,0.02917276326168323,50.0
17,010001,0.030456558016190752,51.0
37,100101,0.03177386007804548,52.0
16,010000,0.019168142125947633,63.0
36,100100,0.02787808710295637,64.0
2,000010,0.024747044496537366,65.0
25,011001,0.03207994624986031,68.0
13,001101,0.019504214800777988,83.0
40,101000,0.02762114451751681,84.0
30,011110,0.021955280624893273,85.0
21,010101,0.03276472993848628,88.0
4,000100,0.013815013364991007,106.0
32,100000,0.01996138215476358,107.0
8,001000,0.01414483092441912,134.0
46,101110,0.019196683159986933,137.0
0,000000,0.00829983297845192,165.0
53,110101,0.014615940167341333,166.0
28,011100,0.016667393735574437,201.0
57,111001,0.013509676643535867,202.0
14,001110,0.018111845570454248,203.0
49,110001,0.012640451729516972,241.0
44,101100,0.01594661929429961,285.0
54,110110,0.010760503423946594,334.0
12,001100,0.007995862871092786,383.0
58,111010,0.009610704922676603,386.0
50,110010,0.009395167335662761,441.0
61,111101,0.007245156322626965,499.0
52,110100,0.007489551044461845,562.0
56,111000,0.006930517257301258,630.0
48,110000,0.005039758602251334,701.0
62,111110,0.004453519242834218,779.0
23,010111,0.00017751493944115132,1028.0
60,111100,0.0029825969670529166,1119.0
27,011011,5.7362355417055254e-05,1120.0
19,010011,0.0001377562921236827,1215.0
39,100111,3.361834819608695e-05,1216.0
43,101011,6.197554728816981e-05,1316.0
7,000111,0.00010211932927706928,1418.0
35,100011,3.061586749265967e-05,1419.0
11,001011,5.9805810428161524e-05,1526.0
3,000011,6.28798678582554e-05,1637.0
31,011111,0.00010577603875894974,1753.0
47,101111,0.0002243319329265338,1997.0
15,001111,0.00016979867244294278,2255.0
55,110111,0.0002860931996241503,2674.0
59,111011,0.0002422850203424045,2822.0
51,110011,0.0003448180145530146,2973.0
63,111111,0.0003456109017391766,3791.0
